[
    {
        "Step": "Cleanser",
        "Product Name": "CeraVe Foaming Facial Cleanser",
        "Skin Type": "Oily",
        "Skin Concern": "Acne",
        "Experience Level": "Beginner",
        "Routine Complexity": "Minimal",
        "Budget Tier": "Budget ($10-$25)",
        "Sensitivity Level": "Low",
        "Ingredient Preferences": "Fragrance-Free, Non-Comedogenic",
        "Environment Suitability": "Humid/Hot",
        "Affiliate Link (Example)": "https://amzn.to/cerave-cleanser"
    }
]